case,tick,model_time_ms,input_L_hz_sum,input_R_hz_sum,observed_L,observed_R,L2_L_spikes,L2_R_spikes,non_L2_spikes,all_spikes,encoding_wall_s,brain_wall_s,output_DNg02_L_hz,output_DNg02_R_hz,output_DNp03_L_hz,output_DNp03_R_hz,output_DNp01_L_hz,output_DNp01_R_hz
zero,0,50.0,1.3322676295501878e-14,7.993605777301127e-14,229,217,0,0,0,0,0.013038999983109534,0.008678300015162677,0.0,0.0,0.0,0.0,0.0,0.0
zero,1,100.0,1.3322676295501878e-14,7.993605777301127e-14,229,217,0,0,0,0,0.012801299977581948,0.008855100022628903,0.0,0.0,0.0,0.0,0.0,0.0
zero,2,150.0,1.3322676295501878e-14,7.993605777301127e-14,229,217,0,0,0,0,0.01269429997773841,0.008376300043892115,0.0,0.0,0.0,0.0,0.0,0.0
zero,3,200.0,1.3322676295501878e-14,7.993605777301127e-14,229,217,0,0,0,0,0.012684400018770248,0.008487700019031763,0.0,0.0,0.0,0.0,0.0,0.0
zero,4,250.0,1.3322676295501878e-14,7.993605777301127e-14,229,217,0,0,0,0,0.012818099989090115,0.008350099960807711,0.0,0.0,0.0,0.0,0.0,0.0
zero,5,300.0,1.3322676295501878e-14,7.993605777301127e-14,229,217,0,0,0,0,0.012778600037563592,0.00833260000217706,0.0,0.0,0.0,0.0,0.0,0.0
zero,6,350.0,1.3322676295501878e-14,7.993605777301127e-14,229,217,0,0,0,0,0.012872799998149276,0.008289000019431114,0.0,0.0,0.0,0.0,0.0,0.0
zero,7,400.0,1.3322676295501878e-14,7.993605777301127e-14,229,217,0,0,0,0,0.012733799987472594,0.0084198999684304,0.0,0.0,0.0,0.0,0.0,0.0
zero,8,450.0,1.3322676295501878e-14,7.993605777301127e-14,229,217,0,0,0,0,0.017432199965696782,0.00821110000833869,0.0,0.0,0.0,0.0,0.0,0.0
zero,9,500.0,1.3322676295501878e-14,7.993605777301127e-14,229,217,0,0,0,0,0.01297290000366047,0.008308299991767853,0.0,0.0,0.0,0.0,0.0,0.0
zero,10,550.0,1.3322676295501878e-14,7.993605777301127e-14,229,217,0,0,0,0,0.012738700024783611,0.008323399990331382,0.0,0.0,0.0,0.0,0.0,0.0
zero,11,600.0,1.3322676295501878e-14,7.993605777301127e-14,229,217,0,0,0,0,0.012661000015214086,0.008386300003621727,0.0,0.0,0.0,0.0,0.0,0.0
zero,12,650.0,1.3322676295501878e-14,7.993605777301127e-14,229,217,0,0,0,0,0.012967800023034215,0.008295900013763458,0.0,0.0,0.0,0.0,0.0,0.0
zero,13,700.0,1.3322676295501878e-14,7.993605777301127e-14,229,217,0,0,0,0,0.01280700002098456,0.008407699991948903,0.0,0.0,0.0,0.0,0.0,0.0
zero,14,750.0,1.3322676295501878e-14,7.993605777301127e-14,229,217,0,0,0,0,0.012704399996437132,0.00821250001899898,0.0,0.0,0.0,0.0,0.0,0.0
zero,15,800.0,1.3322676295501878e-14,7.993605777301127e-14,229,217,0,0,0,0,0.013011700008064508,0.008336400031112134,0.0,0.0,0.0,0.0,0.0,0.0
zero,16,850.0,1.3322676295501878e-14,7.993605777301127e-14,229,217,0,0,0,0,0.012843000004068017,0.00832809996791184,0.0,0.0,0.0,0.0,0.0,0.0
zero,17,900.0,1.3322676295501878e-14,7.993605777301127e-14,229,217,0,0,0,0,0.012685900030191988,0.008255799999460578,0.0,0.0,0.0,0.0,0.0,0.0
zero,18,950.0,1.3322676295501878e-14,7.993605777301127e-14,229,217,0,0,0,0,0.012819299998227507,0.008293399994727224,0.0,0.0,0.0,0.0,0.0,0.0
zero,19,1000.0,1.3322676295501878e-14,7.993605777301127e-14,229,217,0,0,0,0,0.012869899976067245,0.00840799999423325,0.0,0.0,0.0,0.0,0.0,0.0
both_pulse,0,50.0,1.3322676295501878e-14,7.993605777301127e-14,229,217,0,0,0,0,0.012986999994609505,0.008429699984844774,0.0,0.0,0.0,0.0,0.0,0.0
both_pulse,1,100.0,1.3322676295501878e-14,7.993605777301127e-14,229,217,0,0,0,0,0.01275530003476888,0.008347700000740588,0.0,0.0,0.0,0.0,0.0,0.0
both_pulse,2,150.0,1.3322676295501878e-14,7.993605777301127e-14,229,217,0,0,0,0,0.012591200007591397,0.009347199986223131,0.0,0.0,0.0,0.0,0.0,0.0
both_pulse,3,200.0,1.3322676295501878e-14,7.993605777301127e-14,229,217,0,0,0,0,0.012838900031056255,0.008481699973344803,0.0,0.0,0.0,0.0,0.0,0.0
both_pulse,4,250.0,27480.0,26040.0,229,217,879,784,1922,3585,0.012746800028253347,0.040388999972492456,0.0,0.0,0.0,0.0,0.0,0.0
both_pulse,5,300.0,27480.0,26040.0,229,217,888,792,2108,3788,0.013161699986085296,0.04044930002419278,0.0,0.0,0.0,0.0,0.0,0.0
both_pulse,6,350.0,27480.0,26040.0,229,217,944,828,2409,4181,0.012816499976906925,0.040568500000517815,0.0,0.0,0.0,0.0,0.0,0.0
both_pulse,7,400.0,27480.0,26040.0,229,217,862,805,2209,3876,0.012776200019288808,0.04066230001626536,0.0,0.0,0.0,0.0,0.0,0.0
both_pulse,8,450.0,27480.0,26040.0,229,217,893,775,2253,3921,0.012870300037320703,0.041005499952007085,0.0,0.0,0.0,0.0,0.0,0.0
both_pulse,9,500.0,27480.0,26040.0,229,217,902,821,2234,3957,0.013137999980244786,0.039978699991479516,0.0,0.0,0.0,0.0,0.0,0.0
both_pulse,10,550.0,27480.0,26040.0,229,217,874,797,2175,3846,0.012835900008212775,0.040856000036001205,0.0,0.0,0.0,0.0,0.0,0.0
both_pulse,11,600.0,27480.0,26040.0,229,217,857,793,2180,3830,0.012885899981483817,0.04061570001067594,0.0,0.0,0.0,0.0,0.0,0.0
both_pulse,12,650.0,27480.0,26040.0,229,217,858,815,2208,3881,0.013011900009587407,0.03988649998791516,0.0,0.0,0.0,0.0,0.0,0.0
both_pulse,13,700.0,27480.0,26040.0,229,217,866,770,2146,3782,0.01283220003824681,0.04078819998539984,0.0,0.0,0.0,0.0,0.0,0.0
both_pulse,14,750.0,27480.0,26040.0,229,217,868,824,2244,3936,0.013006599969230592,0.039913900021929294,0.0,0.0,0.0,0.0,0.0,0.0
both_pulse,15,800.0,27480.0,26040.0,229,217,873,808,2182,3863,0.012878999987151474,0.04057200002716854,0.0,0.0,0.0,0.0,0.0,0.0
both_pulse,16,850.0,1.3322676295501878e-14,7.993605777301127e-14,229,217,49,32,319,400,0.01292249996913597,0.016917300003115088,0.0,0.0,0.0,0.0,0.0,0.0
both_pulse,17,900.0,1.3322676295501878e-14,7.993605777301127e-14,229,217,0,0,0,0,0.012936099956277758,0.008620900043752044,0.0,0.0,0.0,0.0,0.0,0.0
both_pulse,18,950.0,1.3322676295501878e-14,7.993605777301127e-14,229,217,0,0,0,0,0.01274169998941943,0.008637099992483854,0.0,0.0,0.0,0.0,0.0,0.0
both_pulse,19,1000.0,1.3322676295501878e-14,7.993605777301127e-14,229,217,0,0,0,0,0.012956399994436651,0.008669800008647144,0.0,0.0,0.0,0.0,0.0,0.0
both_pulse_repeat,0,50.0,1.3322676295501878e-14,7.993605777301127e-14,229,217,0,0,0,0,0.012812300003133714,0.008309099997859448,0.0,0.0,0.0,0.0,0.0,0.0
both_pulse_repeat,1,100.0,1.3322676295501878e-14,7.993605777301127e-14,229,217,0,0,0,0,0.012680699990596622,0.008111200004350394,0.0,0.0,0.0,0.0,0.0,0.0
both_pulse_repeat,2,150.0,1.3322676295501878e-14,7.993605777301127e-14,229,217,0,0,0,0,0.012684900022577494,0.008387899957597256,0.0,0.0,0.0,0.0,0.0,0.0
both_pulse_repeat,3,200.0,1.3322676295501878e-14,7.993605777301127e-14,229,217,0,0,0,0,0.012781400000676513,0.009242600004654378,0.0,0.0,0.0,0.0,0.0,0.0
both_pulse_repeat,4,250.0,27480.0,26040.0,229,217,879,784,1922,3585,0.012827300000935793,0.04006389999995008,0.0,0.0,0.0,0.0,0.0,0.0
both_pulse_repeat,5,300.0,27480.0,26040.0,229,217,888,792,2108,3788,0.012935300008393824,0.039953900035470724,0.0,0.0,0.0,0.0,0.0,0.0
both_pulse_repeat,6,350.0,27480.0,26040.0,229,217,944,828,2409,4181,0.0128944999887608,0.03967929998179898,0.0,0.0,0.0,0.0,0.0,0.0
both_pulse_repeat,7,400.0,27480.0,26040.0,229,217,862,805,2209,3876,0.01286920002894476,0.04071039997506887,0.0,0.0,0.0,0.0,0.0,0.0
both_pulse_repeat,8,450.0,27480.0,26040.0,229,217,893,775,2253,3921,0.012862099974881858,0.04075140005443245,0.0,0.0,0.0,0.0,0.0,0.0
both_pulse_repeat,9,500.0,27480.0,26040.0,229,217,902,821,2234,3957,0.012836899957619607,0.040467999991960824,0.0,0.0,0.0,0.0,0.0,0.0
both_pulse_repeat,10,550.0,27480.0,26040.0,229,217,874,797,2175,3846,0.013442999974358827,0.03954560001147911,0.0,0.0,0.0,0.0,0.0,0.0
both_pulse_repeat,11,600.0,27480.0,26040.0,229,217,857,793,2180,3830,0.013187600008677691,0.03930090001085773,0.0,0.0,0.0,0.0,0.0,0.0
both_pulse_repeat,12,650.0,27480.0,26040.0,229,217,858,815,2208,3881,0.013107000035233796,0.039485399960540235,0.0,0.0,0.0,0.0,0.0,0.0
both_pulse_repeat,13,700.0,27480.0,26040.0,229,217,866,770,2146,3782,0.012759100005496293,0.039485500019509345,0.0,0.0,0.0,0.0,0.0,0.0
both_pulse_repeat,14,750.0,27480.0,26040.0,229,217,868,824,2244,3936,0.01285880000796169,0.04058059997623786,0.0,0.0,0.0,0.0,0.0,0.0
both_pulse_repeat,15,800.0,27480.0,26040.0,229,217,873,808,2182,3863,0.012939499982167035,0.0407075000111945,0.0,0.0,0.0,0.0,0.0,0.0
both_pulse_repeat,16,850.0,1.3322676295501878e-14,7.993605777301127e-14,229,217,49,32,319,400,0.013080800010357052,0.01570809999248013,0.0,0.0,0.0,0.0,0.0,0.0
both_pulse_repeat,17,900.0,1.3322676295501878e-14,7.993605777301127e-14,229,217,0,0,0,0,0.012676099955569953,0.008183500031009316,0.0,0.0,0.0,0.0,0.0,0.0
both_pulse_repeat,18,950.0,1.3322676295501878e-14,7.993605777301127e-14,229,217,0,0,0,0,0.012542199983727187,0.008883900009095669,0.0,0.0,0.0,0.0,0.0,0.0
both_pulse_repeat,19,1000.0,1.3322676295501878e-14,7.993605777301127e-14,229,217,0,0,0,0,0.013013300020247698,0.008626699971500784,0.0,0.0,0.0,0.0,0.0,0.0
left_pulse,0,50.0,1.3322676295501878e-14,0.0,229,217,0,0,0,0,0.01307670003734529,0.008498899987898767,0.0,0.0,0.0,0.0,0.0,0.0
left_pulse,1,100.0,1.3322676295501878e-14,0.0,229,217,0,0,0,0,0.012860000017099082,0.00796210003318265,0.0,0.0,0.0,0.0,0.0,0.0
left_pulse,2,150.0,1.3322676295501878e-14,0.0,229,217,0,0,0,0,0.012808000028599054,0.008058700012043118,0.0,0.0,0.0,0.0,0.0,0.0
left_pulse,3,200.0,1.3322676295501878e-14,0.0,229,217,0,0,0,0,0.012788899999577552,0.008017299987841398,0.0,0.0,0.0,0.0,0.0,0.0
left_pulse,4,250.0,27480.0,0.0,229,217,883,0,924,1807,0.01275069999974221,0.038554899976588786,0.0,0.0,0.0,0.0,0.0,0.0
left_pulse,5,300.0,27480.0,0.0,229,217,885,0,1076,1961,0.013207999989390373,0.038429000007454306,0.0,0.0,0.0,0.0,0.0,0.0
left_pulse,6,350.0,27480.0,0.0,229,217,872,0,1062,1934,0.01422040001489222,0.03854730003513396,0.0,0.0,0.0,0.0,0.0,0.0
left_pulse,7,400.0,27480.0,0.0,229,217,878,0,1098,1976,0.013104199955705553,0.03934650000883266,0.0,0.0,0.0,0.0,0.0,0.0
left_pulse,8,450.0,27480.0,0.0,229,217,894,0,1047,1941,0.013670200016349554,0.03863829997135326,0.0,0.0,0.0,0.0,0.0,0.0
left_pulse,9,500.0,27480.0,0.0,229,217,942,0,1142,2084,0.0130735999555327,0.038426400045864284,0.0,0.0,0.0,0.0,0.0,0.0
left_pulse,10,550.0,27480.0,0.0,229,217,901,0,1063,1964,0.013273300020955503,0.03838129999348894,0.0,0.0,0.0,0.0,0.0,0.0
left_pulse,11,600.0,27480.0,0.0,229,217,827,0,1064,1891,0.01298490003682673,0.03814789996249601,0.0,0.0,0.0,0.0,0.0,0.0
left_pulse,12,650.0,27480.0,0.0,229,217,909,0,1051,1960,0.013072500005364418,0.038460100011434406,0.0,0.0,0.0,0.0,0.0,0.0
left_pulse,13,700.0,27480.0,0.0,229,217,857,0,1074,1931,0.012923400034196675,0.037984599999617785,0.0,0.0,0.0,0.0,0.0,0.0
left_pulse,14,750.0,27480.0,0.0,229,217,904,0,1074,1978,0.013397300033830106,0.03849169996101409,0.0,0.0,0.0,0.0,0.0,0.0
left_pulse,15,800.0,27480.0,0.0,229,217,897,0,1109,2006,0.012819700001273304,0.038309100025799125,0.0,0.0,0.0,0.0,0.0,0.0
left_pulse,16,850.0,1.3322676295501878e-14,0.0,229,217,59,0,176,235,0.012994699995033443,0.01578179997159168,0.0,0.0,0.0,0.0,0.0,0.0
left_pulse,17,900.0,1.3322676295501878e-14,0.0,229,217,0,0,0,0,0.013016699987929314,0.0086942000198178,0.0,0.0,0.0,0.0,0.0,0.0
left_pulse,18,950.0,1.3322676295501878e-14,0.0,229,217,0,0,0,0,0.012817699986044317,0.008616500010248274,0.0,0.0,0.0,0.0,0.0,0.0
left_pulse,19,1000.0,1.3322676295501878e-14,0.0,229,217,0,0,0,0,0.0127405000384897,0.009509299998171628,0.0,0.0,0.0,0.0,0.0,0.0
right_pulse,0,50.0,0.0,7.993605777301127e-14,229,217,0,0,0,0,0.012898599961772561,0.008467100036796182,0.0,0.0,0.0,0.0,0.0,0.0
right_pulse,1,100.0,0.0,7.993605777301127e-14,229,217,0,0,0,0,0.012753300019539893,0.008467799983918667,0.0,0.0,0.0,0.0,0.0,0.0
right_pulse,2,150.0,0.0,7.993605777301127e-14,229,217,0,0,0,0,0.01274769997689873,0.008356000005733222,0.0,0.0,0.0,0.0,0.0,0.0
right_pulse,3,200.0,0.0,7.993605777301127e-14,229,217,0,0,0,0,0.012881199945695698,0.008319600019603968,0.0,0.0,0.0,0.0,0.0,0.0
right_pulse,4,250.0,0.0,26040.0,229,217,0,808,1046,1854,0.012798699957784265,0.038534699997399,0.0,0.0,0.0,0.0,0.0,0.0
right_pulse,5,300.0,0.0,26040.0,229,217,0,793,1133,1926,0.01307670003734529,0.03856919996906072,0.0,0.0,0.0,0.0,0.0,0.0
right_pulse,6,350.0,0.0,26040.0,229,217,0,815,1174,1989,0.012815500027500093,0.03787469997769222,0.0,0.0,0.0,0.0,0.0,0.0
right_pulse,7,400.0,0.0,26040.0,229,217,0,799,1114,1913,0.013304400024935603,0.037788899964652956,0.0,0.0,0.0,0.0,0.0,0.0
right_pulse,8,450.0,0.0,26040.0,229,217,0,825,1191,2016,0.012889200006611645,0.03802969999378547,0.0,0.0,0.0,0.0,0.0,0.0
right_pulse,9,500.0,0.0,26040.0,229,217,0,831,1164,1995,0.013011300005018711,0.03846349997911602,0.0,0.0,0.0,0.0,0.0,0.0
right_pulse,10,550.0,0.0,26040.0,229,217,0,829,1249,2078,0.013013799965847284,0.039031899999827147,0.0,0.0,0.0,0.0,0.0,0.0
right_pulse,11,600.0,0.0,26040.0,229,217,0,764,1049,1813,0.01312550000147894,0.038863199995830655,0.0,0.0,0.0,0.0,0.0,0.0
right_pulse,12,650.0,0.0,26040.0,229,217,0,771,1152,1923,0.012973200005944818,0.03850880003301427,0.0,0.0,0.0,0.0,0.0,0.0
right_pulse,13,700.0,0.0,26040.0,229,217,0,782,1072,1854,0.012945900030899793,0.038119299977552146,0.0,0.0,0.0,0.0,0.0,0.0
right_pulse,14,750.0,0.0,26040.0,229,217,0,764,1117,1881,0.012930799974128604,0.03913679998368025,0.0,0.0,0.0,0.0,0.0,0.0
right_pulse,15,800.0,0.0,26040.0,229,217,0,838,1206,2044,0.013009199989028275,0.038461700023617595,0.0,0.0,0.0,0.0,0.0,0.0
right_pulse,16,850.0,0.0,7.993605777301127e-14,229,217,0,45,198,243,0.013083300029393286,0.01575989997945726,0.0,0.0,0.0,0.0,0.0,0.0
right_pulse,17,900.0,0.0,7.993605777301127e-14,229,217,0,0,0,0,0.012868799967691302,0.00849700003163889,0.0,0.0,0.0,0.0,0.0,0.0
right_pulse,18,950.0,0.0,7.993605777301127e-14,229,217,0,0,0,0,0.012784899969119579,0.00855190004222095,0.0,0.0,0.0,0.0,0.0,0.0
right_pulse,19,1000.0,0.0,7.993605777301127e-14,229,217,0,0,0,0,0.012685700028669089,0.00848059996496886,0.0,0.0,0.0,0.0,0.0,0.0
pattern,0,50.0,1.3322676295501878e-14,7.993605777301127e-14,229,217,0,0,0,0,0.012913300015497953,0.008418100012931973,0.0,0.0,0.0,0.0,0.0,0.0
pattern,1,100.0,1.3322676295501878e-14,7.993605777301127e-14,229,217,0,0,0,0,0.012677599966991693,0.008480000018607825,0.0,0.0,0.0,0.0,0.0,0.0
pattern,2,150.0,1.3322676295501878e-14,7.993605777301127e-14,229,217,0,0,0,0,0.01273869996657595,0.008656400023028255,0.0,0.0,0.0,0.0,0.0,0.0
pattern,3,200.0,1.3322676295501878e-14,7.993605777301127e-14,229,217,0,0,0,0,0.012977100035641342,0.008220699965022504,0.0,0.0,0.0,0.0,0.0,0.0
pattern,4,250.0,23160.0,3587.5771484375,229,217,776,122,1017,1915,0.012977999984286726,0.038692699978128076,0.0,0.0,0.0,0.0,0.0,0.0
pattern,5,300.0,23160.0,3587.5771484375,229,217,729,144,1231,2104,0.013059599965345114,0.038712100009433925,0.0,0.0,0.0,0.0,0.0,0.0
pattern,6,350.0,23160.0,3587.5771484375,229,217,733,151,1214,2098,0.012930800032336265,0.03835769998840988,0.0,0.0,0.0,0.0,0.0,0.0
pattern,7,400.0,23160.0,3587.5771484375,229,217,735,140,1201,2076,0.012923699978273362,0.03888200002256781,0.0,0.0,0.0,0.0,0.0,0.0
pattern,8,450.0,23160.0,3587.5771484375,229,217,747,145,1246,2138,0.012885299976915121,0.03859930002363399,0.0,0.0,0.0,0.0,0.0,0.0
pattern,9,500.0,23160.0,3587.5771484375,229,217,790,139,1307,2236,0.013235999969765544,0.038101500016637146,0.0,0.0,0.0,0.0,0.0,0.0
pattern,10,550.0,23160.0,3587.5771484375,229,217,751,133,1261,2145,0.012814800022169948,0.03844490001210943,0.0,0.0,0.0,0.0,0.0,0.0
pattern,11,600.0,23160.0,3587.5771484375,229,217,705,133,1163,2001,0.012768800021149218,0.03910360002191737,0.0,0.0,0.0,0.0,0.0,0.0
pattern,12,650.0,23160.0,3587.5771484375,229,217,768,140,1247,2155,0.013712699990719557,0.03835480002453551,0.0,0.0,0.0,0.0,0.0,0.0
pattern,13,700.0,23160.0,3587.5771484375,229,217,730,119,1129,1978,0.012920500012114644,0.039596799993887544,0.0,0.0,0.0,0.0,0.0,0.0
pattern,14,750.0,23160.0,3587.5771484375,229,217,761,145,1262,2168,0.012837600021157414,0.04034379997756332,0.0,0.0,0.0,0.0,0.0,0.0
pattern,15,800.0,23160.0,3587.5771484375,229,217,747,136,1243,2126,0.0128262999933213,0.03849380003521219,0.0,0.0,0.0,0.0,0.0,0.0
pattern,16,850.0,1.3322676295501878e-14,7.993605777301127e-14,229,217,45,8,181,234,0.012803799996618181,0.016012299980502576,0.0,0.0,0.0,0.0,0.0,0.0
pattern,17,900.0,1.3322676295501878e-14,7.993605777301127e-14,229,217,0,0,0,0,0.012786399980541319,0.008830100006889552,0.0,0.0,0.0,0.0,0.0,0.0
pattern,18,950.0,1.3322676295501878e-14,7.993605777301127e-14,229,217,0,0,0,0,0.013168099976610392,0.008239699993282557,0.0,0.0,0.0,0.0,0.0,0.0
pattern,19,1000.0,1.3322676295501878e-14,7.993605777301127e-14,229,217,0,0,0,0,0.012774100003298372,0.00835930003086105,0.0,0.0,0.0,0.0,0.0,0.0
pattern_shuffled,0,50.0,1.3322676295501878e-14,7.993605777301127e-14,229,217,0,0,0,0,0.01328700000885874,0.00817849999293685,0.0,0.0,0.0,0.0,0.0,0.0
pattern_shuffled,1,100.0,1.3322676295501878e-14,7.993605777301127e-14,229,217,0,0,0,0,0.013651000044774264,0.008306199975777417,0.0,0.0,0.0,0.0,0.0,0.0
pattern_shuffled,2,150.0,1.3322676295501878e-14,7.993605777301127e-14,229,217,0,0,0,0,0.012764599989168346,0.007898700016085058,0.0,0.0,0.0,0.0,0.0,0.0
pattern_shuffled,3,200.0,1.3322676295501878e-14,7.993605777301127e-14,229,217,0,0,0,0,0.01272089994745329,0.008039100037422031,0.0,0.0,0.0,0.0,0.0,0.0
pattern_shuffled,4,250.0,23160.0,3587.5771484375,229,217,798,135,1134,2067,0.012926099996548146,0.038543400005437434,0.0,0.0,0.0,0.0,0.0,0.0
pattern_shuffled,5,300.0,23160.0,3587.5771484375,229,217,775,144,1412,2331,0.013040100049693137,0.03928299999097362,0.0,0.0,0.0,0.0,0.0,0.0
pattern_shuffled,6,350.0,23160.0,3587.5771484375,229,217,751,153,1342,2246,0.013040899997577071,0.03860670002177358,0.0,0.0,0.0,0.0,0.0,0.0
pattern_shuffled,7,400.0,23160.0,3587.5771484375,229,217,763,143,1380,2286,0.01300989999435842,0.03963310003746301,0.0,0.0,0.0,0.0,0.0,0.0
pattern_shuffled,8,450.0,23160.0,3587.5771484375,229,217,774,149,1317,2240,0.013087399944197387,0.038894800003618,0.0,0.0,0.0,0.0,0.0,0.0
pattern_shuffled,9,500.0,23160.0,3587.5771484375,229,217,824,139,1474,2437,0.013083199970424175,0.03918530000373721,0.0,0.0,0.0,0.0,0.0,0.0
pattern_shuffled,10,550.0,23160.0,3587.5771484375,229,217,783,132,1387,2302,0.012972299999091774,0.039257600030396134,0.0,0.0,0.0,0.0,0.0,0.0
pattern_shuffled,11,600.0,23160.0,3587.5771484375,229,217,728,138,1316,2182,0.012956299993675202,0.03911630000220612,0.0,0.0,0.0,0.0,0.0,0.0
pattern_shuffled,12,650.0,23160.0,3587.5771484375,229,217,785,139,1363,2287,0.013064600003417581,0.040004100010264665,0.0,0.0,0.0,0.0,0.0,0.0
pattern_shuffled,13,700.0,23160.0,3587.5771484375,229,217,757,120,1305,2182,0.012908699980471283,0.04070900002261624,0.0,0.0,0.0,0.0,0.0,0.0
pattern_shuffled,14,750.0,23160.0,3587.5771484375,229,217,780,135,1326,2241,0.013756799977272749,0.04067399998893961,0.0,0.0,0.0,0.0,0.0,0.0
pattern_shuffled,15,800.0,23160.0,3587.5771484375,229,217,774,148,1432,2354,0.01376410003285855,0.03934829996433109,0.0,0.0,0.0,0.0,0.0,0.0
pattern_shuffled,16,850.0,1.3322676295501878e-14,7.993605777301127e-14,229,217,46,9,252,307,0.013117200054693967,0.016551299951970577,0.0,0.0,0.0,0.0,0.0,0.0
pattern_shuffled,17,900.0,1.3322676295501878e-14,7.993605777301127e-14,229,217,0,0,0,0,0.012989800015930086,0.008619800035376102,0.0,0.0,0.0,0.0,0.0,0.0
pattern_shuffled,18,950.0,1.3322676295501878e-14,7.993605777301127e-14,229,217,0,0,0,0,0.012973099946975708,0.008490200038067997,0.0,0.0,0.0,0.0,0.0,0.0
pattern_shuffled,19,1000.0,1.3322676295501878e-14,7.993605777301127e-14,229,217,0,0,0,0,0.01392870000563562,0.009832600015215576,0.0,0.0,0.0,0.0,0.0,0.0
disconnected,0,50.0,1.3322676295501878e-14,7.993605777301127e-14,229,217,0,0,0,0,0.012985099980141968,0.008623100002296269,0.0,0.0,0.0,0.0,0.0,0.0
disconnected,1,100.0,1.3322676295501878e-14,7.993605777301127e-14,229,217,0,0,0,0,0.012801999982912093,0.008416299999225885,0.0,0.0,0.0,0.0,0.0,0.0
disconnected,2,150.0,1.3322676295501878e-14,7.993605777301127e-14,229,217,0,0,0,0,0.012754500028677285,0.00839019997511059,0.0,0.0,0.0,0.0,0.0,0.0
disconnected,3,200.0,1.3322676295501878e-14,7.993605777301127e-14,229,217,0,0,0,0,0.012722200015559793,0.00840079999761656,0.0,0.0,0.0,0.0,0.0,0.0
disconnected,4,250.0,27480.0,26040.0,229,217,1020,958,0,1978,0.012737600016407669,0.010485799983143806,0.0,0.0,0.0,0.0,0.0,0.0
disconnected,5,300.0,27480.0,26040.0,229,217,1042,998,0,2040,0.012802200042642653,0.011314300005324185,0.0,0.0,0.0,0.0,0.0,0.0
disconnected,6,350.0,27480.0,26040.0,229,217,1117,1050,0,2167,0.013174799969419837,0.010453700029756874,0.0,0.0,0.0,0.0,0.0,0.0
disconnected,7,400.0,27480.0,26040.0,229,217,1046,1014,0,2060,0.012778499978594482,0.010519100003875792,0.0,0.0,0.0,0.0,0.0,0.0
disconnected,8,450.0,27480.0,26040.0,229,217,1063,983,0,2046,0.01287959999172017,0.01052680000429973,0.0,0.0,0.0,0.0,0.0,0.0
disconnected,9,500.0,27480.0,26040.0,229,217,1098,1017,0,2115,0.0128320999792777,0.010835700028110296,0.0,0.0,0.0,0.0,0.0,0.0
disconnected,10,550.0,27480.0,26040.0,229,217,1050,980,0,2030,0.012707000016234815,0.010537799971643835,0.0,0.0,0.0,0.0,0.0,0.0
disconnected,11,600.0,27480.0,26040.0,229,217,1042,987,0,2029,0.012828000006265938,0.010591200029011816,0.0,0.0,0.0,0.0,0.0,0.0
disconnected,12,650.0,27480.0,26040.0,229,217,1031,1030,0,2061,0.01282930001616478,0.010645699978340417,0.0,0.0,0.0,0.0,0.0,0.0
disconnected,13,700.0,27480.0,26040.0,229,217,1054,989,0,2043,0.012713999953120947,0.010883800045121461,0.0,0.0,0.0,0.0,0.0,0.0
disconnected,14,750.0,27480.0,26040.0,229,217,1038,1032,0,2070,0.013131599989719689,0.010873100021854043,0.0,0.0,0.0,0.0,0.0,0.0
disconnected,15,800.0,27480.0,26040.0,229,217,1052,1012,0,2064,0.013072700006887317,0.01069409999763593,0.0,0.0,0.0,0.0,0.0,0.0
disconnected,16,850.0,1.3322676295501878e-14,7.993605777301127e-14,229,217,56,39,0,95,0.012766400002874434,0.009240899991709739,0.0,0.0,0.0,0.0,0.0,0.0
disconnected,17,900.0,1.3322676295501878e-14,7.993605777301127e-14,229,217,0,0,0,0,0.012686399975791574,0.00869410001905635,0.0,0.0,0.0,0.0,0.0,0.0
disconnected,18,950.0,1.3322676295501878e-14,7.993605777301127e-14,229,217,0,0,0,0,0.013005800021346658,0.008343100023921579,0.0,0.0,0.0,0.0,0.0,0.0
disconnected,19,1000.0,1.3322676295501878e-14,7.993605777301127e-14,229,217,0,0,0,0,0.012755699979607016,0.008462199999485165,0.0,0.0,0.0,0.0,0.0,0.0
sustained,0,50.0,3600.0,7.993605777301127e-14,229,217,120,0,248,368,0.0132173000019975,0.037091400008648634,0.0,0.0,0.0,0.0,0.0,0.0
sustained,1,100.0,3240.0,7.993605777301127e-14,229,217,116,0,351,467,0.013046399981249124,0.03909029997885227,0.0,0.0,0.0,0.0,0.0,0.0
sustained,2,150.0,4778.9697265625,7.993605777301127e-14,229,217,175,0,443,618,0.012951500015333295,0.03964939998695627,0.0,0.0,0.0,0.0,0.0,0.0
sustained,3,200.0,3840.0,7.993605777301127e-14,229,217,147,0,421,568,0.013071900000795722,0.038539999979548156,0.0,0.0,0.0,0.0,0.0,0.0
sustained,4,250.0,5160.0,7.993605777301127e-14,229,217,209,0,520,729,0.013029800029471517,0.03978839999763295,0.0,0.0,0.0,0.0,0.0,0.0
sustained,5,300.0,4320.0,7.993605777301127e-14,229,217,171,0,450,621,0.01305589999537915,0.039049899962265044,0.0,0.0,0.0,0.0,0.0,0.0
sustained,6,350.0,5634.64404296875,7.993605777301127e-14,229,217,213,0,500,713,0.013014700030907989,0.03956200001994148,0.0,0.0,0.0,0.0,0.0,0.0
sustained,7,400.0,5661.533203125,7.993605777301127e-14,229,217,195,0,422,617,0.012979500053916126,0.038885499991010875,0.0,0.0,0.0,0.0,0.0,0.0
sustained,8,450.0,6000.0,7.993605777301127e-14,229,217,230,0,472,702,0.014011099992785603,0.040549300028942525,0.0,0.0,0.0,0.0,0.0,0.0
sustained,9,500.0,6120.0,7.993605777301127e-14,229,217,208,0,447,655,0.01290480000898242,0.03877769998507574,0.0,0.0,0.0,0.0,0.0,0.0
sustained,10,550.0,6417.30517578125,7.993605777301127e-14,229,217,224,0,439,663,0.013317200005985796,0.040327199967578053,0.0,0.0,0.0,0.0,0.0,0.0
sustained,11,600.0,7262.8740234375,7.993605777301127e-14,229,217,275,0,574,849,0.01300720003200695,0.03856339998310432,0.0,0.0,0.0,0.0,0.0,0.0
sustained,12,650.0,6960.0,120.0,229,217,256,2,495,753,0.012975100020412356,0.03846289997454733,0.0,0.0,0.0,0.0,0.0,0.0
sustained,13,700.0,7629.1630859375,2070.4208984375,229,217,275,73,505,853,0.01305900001898408,0.039127099968027323,0.0,0.0,0.0,0.0,0.0,0.0
sustained,14,750.0,8880.0,3120.0,229,217,319,113,573,1005,0.012665300047956407,0.04100219998508692,0.0,0.0,0.0,0.0,0.0,0.0
sustained,15,800.0,8973.1298828125,5065.509765625,229,217,331,205,696,1232,0.013528899988159537,0.038592000026255846,0.0,0.0,0.0,0.0,0.0,0.0
sustained,16,850.0,8040.0,6960.0,229,217,298,285,729,1312,0.012749700050335377,0.0393097999622114,0.0,0.0,0.0,0.0,0.0,0.0
sustained,17,900.0,7744.0361328125,8214.0029296875,229,217,282,290,711,1283,0.013372100016567856,0.03964199998881668,0.0,0.0,0.0,0.0,0.0,0.0
sustained,18,950.0,6207.1337890625,7492.84423828125,229,217,258,267,650,1175,0.012810399988666177,0.0384298000135459,0.0,0.0,0.0,0.0,0.0,0.0
sustained,19,1000.0,4080.0,7344.369140625,229,217,147,267,643,1057,0.012745900021400303,0.0388702999916859,0.0,0.0,0.0,0.0,0.0,0.0
sustained,20,1050.0,2160.0,7855.41796875,229,217,87,271,594,952,0.012846199970226735,0.03788370004622266,0.0,0.0,0.0,0.0,0.0,0.0
sustained,21,1100.0,720.0,7680.72265625,229,217,31,273,581,885,0.012718299985863268,0.037651199963875115,0.0,0.0,0.0,0.0,0.0,0.0
sustained,22,1150.0,1.3322676295501878e-14,6660.3642578125,229,217,1,230,598,829,0.012918399996124208,0.03773229999933392,0.0,0.0,0.0,0.0,0.0,0.0
sustained,23,1200.0,1.3322676295501878e-14,6240.0,229,217,0,221,552,773,0.012817099981475621,0.03739979997044429,0.0,0.0,0.0,0.0,0.0,0.0
sustained,24,1250.0,1.3322676295501878e-14,6568.27880859375,229,217,0,233,626,859,0.01295499998377636,0.03745220002019778,0.0,0.0,0.0,0.0,0.0,0.0
sustained,25,1300.0,1.3322676295501878e-14,5838.81787109375,229,217,0,195,562,757,0.013792999961879104,0.038486800040118396,0.0,0.0,0.0,0.0,0.0,0.0
sustained,26,1350.0,1.3322676295501878e-14,5454.59814453125,229,217,0,201,598,799,0.012783499958459288,0.036697400035336614,0.0,0.0,0.0,0.0,0.0,0.0
sustained,27,1400.0,1.3322676295501878e-14,4922.0830078125,229,217,0,168,543,711,0.012822300021070987,0.037628900026902556,0.0,0.0,0.0,0.0,0.0,0.0
sustained,28,1450.0,1.3322676295501878e-14,5193.4228515625,229,217,0,190,616,806,0.01309449999826029,0.038227700046263635,0.0,0.0,0.0,0.0,0.0,0.0
sustained,29,1500.0,1.3322676295501878e-14,4233.09375,229,217,0,161,534,695,0.013231899996753782,0.03957029996672645,0.0,0.0,0.0,0.0,0.0,0.0
sustained,30,1550.0,1.3322676295501878e-14,4920.0,229,217,0,161,494,655,0.012889099947642535,0.03741810005158186,0.0,0.0,0.0,0.0,0.0,0.0
sustained,31,1600.0,1.3322676295501878e-14,3864.863037109375,229,217,0,141,453,594,0.012889700010418892,0.03726389998337254,0.0,0.0,0.0,0.0,0.0,0.0
sustained,32,1650.0,1.3322676295501878e-14,4560.0,229,217,0,169,527,696,0.013137999980244786,0.038295499980449677,0.0,0.0,0.0,0.0,0.0,0.0
sustained,33,1700.0,3524.09521484375,7.993605777301127e-14,229,217,130,11,396,537,0.01294769998639822,0.03849110001465306,0.0,0.0,0.0,0.0,0.0,0.0
sustained,34,1750.0,3322.538818359375,7.993605777301127e-14,229,217,126,0,342,468,0.012892399972770363,0.038106299994979054,0.0,0.0,0.0,0.0,0.0,0.0
sustained,35,1800.0,4800.0,7.993605777301127e-14,229,217,187,0,478,665,0.012924499984364957,0.03972329996759072,0.0,0.0,0.0,0.0,0.0,0.0
sustained,36,1850.0,3878.80078125,7.993605777301127e-14,229,217,151,0,438,589,0.013004599954001606,0.03883730003144592,0.0,0.0,0.0,0.0,0.0,0.0
sustained,37,1900.0,5156.943359375,7.993605777301127e-14,229,217,190,0,450,640,0.012881699949502945,0.03860170004190877,0.0,0.0,0.0,0.0,0.0,0.0
sustained,38,1950.0,4469.46875,7.993605777301127e-14,229,217,190,0,508,698,0.012982999964151531,0.039035000023432076,0.0,0.0,0.0,0.0,0.0,0.0
sustained,39,2000.0,5520.0,7.993605777301127e-14,229,217,210,0,491,701,0.012954300036653876,0.038283699948806316,0.0,0.0,0.0,0.0,0.0,0.0
sustained,40,2050.0,5760.0,7.993605777301127e-14,229,217,207,0,446,653,0.01762090000556782,0.0386714999913238,0.0,0.0,0.0,0.0,0.0,0.0
sustained,41,2100.0,5870.1044921875,7.993605777301127e-14,229,217,218,0,495,713,0.01294340001186356,0.040201199997682124,0.0,0.0,0.0,0.0,0.0,0.0
sustained,42,2150.0,6120.0,7.993605777301127e-14,229,217,228,0,521,749,0.012834499997552484,0.03821349999634549,0.0,0.0,0.0,0.0,0.0,0.0
sustained,43,2200.0,6360.0,7.993605777301127e-14,229,217,225,0,451,676,0.012948899995535612,0.03878969996003434,0.0,0.0,0.0,0.0,0.0,0.0
sustained,44,2250.0,7360.16357421875,7.993605777301127e-14,229,217,273,0,535,808,0.0129878000007011,0.03915899997809902,0.0,0.0,0.0,0.0,0.0,0.0
sustained,45,2300.0,6960.0,175.91226196289062,229,217,283,11,565,859,0.01284989999840036,0.03946450003422797,0.0,0.0,0.0,0.0,0.0,0.0
sustained,46,2350.0,7440.0,2170.150634765625,229,217,263,68,561,892,0.012770599976647645,0.03864360001171008,0.0,0.0,0.0,0.0,0.0,0.0
sustained,47,2400.0,8766.6220703125,3223.450439453125,229,217,318,121,590,1029,0.012902800051961094,0.03842679999070242,0.0,0.0,0.0,0.0,0.0,0.0
sustained,48,2450.0,8760.0,5243.55712890625,229,217,313,200,618,1131,0.012967999966349453,0.039524100022390485,0.0,0.0,0.0,0.0,0.0,0.0
sustained,49,2500.0,8240.5546875,7054.36181640625,229,217,291,260,710,1261,0.012714599957689643,0.03797380003379658,0.0,0.0,0.0,0.0,0.0,0.0
sustained,50,2550.0,7535.123046875,8267.95703125,229,217,293,285,669,1247,0.012825099984183908,0.038040800020098686,0.0,0.0,0.0,0.0,0.0,0.0
sustained,51,2600.0,5884.1083984375,7560.0,229,217,218,272,651,1141,0.012914300023112446,0.03835009998874739,0.0,0.0,0.0,0.0,0.0,0.0
sustained,52,2650.0,4080.0,7390.0341796875,229,217,173,262,632,1067,0.012789800006430596,0.0377333999495022,0.0,0.0,0.0,0.0,0.0,0.0
sustained,53,2700.0,2148.701171875,7800.0,229,217,95,279,651,1025,0.012680200044997036,0.03785979998065159,0.0,0.0,0.0,0.0,0.0,0.0
sustained,54,2750.0,667.2271728515625,7741.4169921875,229,217,32,237,557,826,0.012726199987810105,0.037052700005006045,0.0,0.0,0.0,0.0,0.0,0.0
sustained,55,2800.0,1.3322676295501878e-14,6695.35888671875,229,217,1,230,543,774,0.01290189998690039,0.03809529996942729,0.0,0.0,0.0,0.0,0.0,0.0
sustained,56,2850.0,1.3322676295501878e-14,6112.0185546875,229,217,0,215,559,774,0.012907199969049543,0.036953300004824996,0.0,0.0,0.0,0.0,0.0,0.0
sustained,57,2900.0,1.3322676295501878e-14,6543.56298828125,229,217,0,234,575,809,0.012975100020412356,0.036954900017008185,0.0,0.0,0.0,0.0,0.0,0.0
sustained,58,2950.0,1.3322676295501878e-14,6000.0,229,217,0,216,756,972,0.012875800020992756,0.03828949999297038,0.0,0.0,0.0,0.0,0.0,0.0
sustained,59,3000.0,1.3322676295501878e-14,5524.712890625,229,217,0,201,661,862,0.012915000028442591,0.038119199976790696,0.0,0.0,0.0,0.0,0.0,0.0
sustained,60,3050.0,1.3322676295501878e-14,4732.19873046875,229,217,0,169,580,749,0.013602399965748191,0.03930689999833703,0.0,0.0,0.0,0.0,0.0,0.0
sustained,61,3100.0,1.3322676295501878e-14,5125.3642578125,229,217,0,174,534,708,0.013001500046811998,0.037065999989863485,0.0,0.0,0.0,0.0,0.0,0.0
sustained,62,3150.0,1.3322676295501878e-14,4296.3916015625,229,217,0,165,550,715,0.012822999968193471,0.03814250003779307,0.0,0.0,0.0,0.0,0.0,0.0
sustained,63,3200.0,1.3322676295501878e-14,4920.0,229,217,0,175,537,712,0.013102700002491474,0.038945000036619604,0.0,0.0,0.0,0.0,0.0,0.0
sustained,64,3250.0,1.3322676295501878e-14,3960.0,229,217,0,159,525,684,0.012990600022021681,0.038863099995069206,0.0,0.0,0.0,0.0,0.0,0.0
sustained,65,3300.0,1.3322676295501878e-14,4560.0,229,217,0,152,510,662,0.012682900007348508,0.03730849997373298,0.0,0.0,0.0,0.0,0.0,0.0
sustained,66,3350.0,3541.162109375,7.993605777301127e-14,229,217,116,14,367,497,0.012702699983492494,0.03855850000400096,0.0,0.0,0.0,0.0,0.0,0.0
sustained,67,3400.0,3360.0,7.993605777301127e-14,229,217,125,0,342,467,0.013397300033830106,0.037784399988595396,0.0,0.0,0.0,0.0,0.0,0.0
sustained,68,3450.0,4791.85888671875,7.993605777301127e-14,229,217,160,0,402,562,0.012911099998746067,0.0384419999900274,0.0,0.0,0.0,0.0,0.0,0.0
sustained,69,3500.0,4051.8984375,7.993605777301127e-14,229,217,157,0,430,587,0.012801599979866296,0.039110900019295514,0.0,0.0,0.0,0.0,0.0,0.0
sustained,70,3550.0,5146.22265625,7.993605777301127e-14,229,217,204,0,533,737,0.013018700003158301,0.03861369995865971,0.0,0.0,0.0,0.0,0.0,0.0
sustained,71,3600.0,4913.70703125,7.993605777301127e-14,229,217,185,0,445,630,0.012856200046371669,0.038205299992114305,0.0,0.0,0.0,0.0,0.0,0.0
sustained,72,3650.0,5411.57080078125,7.993605777301127e-14,229,217,200,0,506,706,0.013346599997021258,0.03930720000062138,0.0,0.0,0.0,0.0,0.0,0.0
sustained,73,3700.0,5706.21923828125,7.993605777301127e-14,229,217,192,0,391,583,0.012667900009546429,0.0382427999866195,0.0,0.0,0.0,0.0,0.0,0.0
sustained,74,3750.0,5981.76806640625,7.993605777301127e-14,229,217,218,0,470,688,0.012955999991390854,0.038440699980128556,0.0,0.0,0.0,0.0,0.0,0.0
sustained,75,3800.0,6145.2958984375,7.993605777301127e-14,229,217,240,0,540,780,0.012839400034863502,0.040142000012565404,0.0,0.0,0.0,0.0,0.0,0.0
sustained,76,3850.0,6360.0,7.993605777301127e-14,229,217,217,0,420,637,0.012963399989530444,0.038708899985067546,0.0,0.0,0.0,0.0,0.0,0.0
sustained,77,3900.0,7320.0,7.993605777301127e-14,229,217,267,0,544,811,0.012703000043984503,0.03869099996518344,0.0,0.0,0.0,0.0,0.0,0.0
sustained,78,3950.0,6855.2373046875,318.107666015625,229,217,270,11,547,828,0.013765099982265383,0.03836419997969642,0.0,0.0,0.0,0.0,0.0,0.0
sustained,79,4000.0,7440.0,2357.573486328125,229,217,261,91,509,861,0.012815300025977194,0.03898860001936555,0.0,0.0,0.0,0.0,0.0,0.0
sustained,80,4050.0,8760.0,3587.5771484375,229,217,298,141,591,1030,0.012708299967925996,0.03811920003499836,0.0,0.0,0.0,0.0,0.0,0.0
sustained,81,4100.0,8970.5966796875,5325.5830078125,229,217,294,196,598,1088,0.012844400014728308,0.03790969995316118,0.0,0.0,0.0,0.0,0.0,0.0
sustained,82,4150.0,8327.7099609375,7200.0,229,217,295,260,661,1216,0.012722000014036894,0.03835899999830872,0.0,0.0,0.0,0.0,0.0,0.0
sustained,83,4200.0,7153.056640625,8349.48046875,229,217,276,295,650,1221,0.01375809998717159,0.03910230001201853,0.0,0.0,0.0,0.0,0.0,0.0
sustained,84,4250.0,5676.68798828125,7626.173828125,229,217,216,262,615,1093,0.012809700041543692,0.03949910000665113,0.0,0.0,0.0,0.0,0.0,0.0
sustained,85,4300.0,3955.9833984375,7269.09765625,229,217,136,252,583,971,0.01804430002812296,0.038131199951749295,0.0,0.0,0.0,0.0,0.0,0.0
sustained,86,4350.0,2031.6151123046875,7873.74853515625,229,217,86,250,561,897,0.012917399988509715,0.03872930002398789,0.0,0.0,0.0,0.0,0.0,0.0
sustained,87,4400.0,600.0,7680.0,229,217,28,253,561,842,0.013108299986924976,0.03749219997553155,0.0,0.0,0.0,0.0,0.0,0.0
sustained,88,4450.0,1.3322676295501878e-14,6600.0,229,217,2,235,596,833,0.012683100008871406,0.037515200034249574,0.0,0.0,0.0,0.0,0.0,0.0
sustained,89,4500.0,1.3322676295501878e-14,6000.0,229,217,0,194,495,689,0.012830400024540722,0.03673059999709949,0.0,0.0,0.0,0.0,0.0,0.0
sustained,90,4550.0,1.3322676295501878e-14,6686.0,229,217,0,251,645,896,0.01307370001450181,0.03783990000374615,0.0,0.0,0.0,0.0,0.0,0.0
sustained,91,4600.0,1.3322676295501878e-14,5923.3115234375,229,217,0,194,884,1078,0.01287370000500232,0.03968349995557219,0.0,0.0,0.0,0.0,20.0,20.0
sustained,92,4650.0,1.3322676295501878e-14,5520.0,229,217,0,204,625,829,0.013357899966649711,0.03877250000368804,0.0,0.0,0.0,0.0,0.0,0.0
sustained,93,4700.0,1.3322676295501878e-14,4615.0078125,229,217,0,176,672,848,0.012816100032068789,0.03814509999938309,0.0,0.0,0.0,0.0,0.0,0.0
sustained,94,4750.0,1.3322676295501878e-14,5040.0,229,217,0,166,548,714,0.012930199969559908,0.03876359999412671,0.0,0.0,0.0,0.0,0.0,0.0
sustained,95,4800.0,1.3322676295501878e-14,4320.0,229,217,0,165,533,698,0.01270200003637001,0.03759609995177016,0.0,0.0,0.0,0.0,0.0,0.0
sustained,96,4850.0,1.3322676295501878e-14,4920.0,229,217,0,172,546,718,0.012838099966757,0.03874220000579953,0.0,0.0,0.0,0.0,0.0,0.0
sustained,97,4900.0,1.3322676295501878e-14,3960.0,229,217,0,153,461,614,0.013538100000005215,0.03774080000584945,0.0,0.0,0.0,0.0,0.0,0.0
sustained,98,4950.0,1.3322676295501878e-14,4557.283203125,229,217,0,159,514,673,0.012897999957203865,0.03716770000755787,0.0,0.0,0.0,0.0,0.0,0.0
sustained,99,5000.0,3674.094482421875,7.993605777301127e-14,229,217,126,16,377,519,0.012947299983352423,0.039293100009672344,0.0,0.0,0.0,0.0,0.0,0.0
recorded_d435,0,50.0,10515.671875,9403.5673828125,105,93,365,317,803,1485,0.01099939999403432,0.03985340002691373,0.0,0.0,0.0,0.0,0.0,0.0
recorded_d435,1,100.0,10521.19140625,9388.845703125,105,93,388,312,1017,1717,0.011159899993799627,0.04044969996903092,0.0,0.0,0.0,0.0,0.0,0.0
recorded_d435,2,150.0,10531.734375,9380.517578125,105,93,365,317,930,1612,0.010438300028908998,0.03959840000607073,0.0,0.0,0.0,0.0,0.0,0.0
recorded_d435,3,200.0,10563.0478515625,9379.431640625,105,93,390,295,978,1663,0.010468500026036054,0.04193939996184781,0.0,0.0,0.0,0.0,0.0,0.0
recorded_d435,4,250.0,10546.1240234375,9382.912109375,105,93,400,319,990,1709,0.012666900001931936,0.04021239996654913,0.0,0.0,0.0,0.0,0.0,0.0
recorded_d435,5,300.0,10533.716796875,9384.2001953125,105,93,386,335,1035,1756,0.010476999974343926,0.03978110000025481,0.0,0.0,0.0,0.0,0.0,0.0
recorded_d435,6,350.0,10529.134765625,9396.943359375,105,93,392,327,1071,1790,0.010744299972429872,0.040045599977020174,0.0,0.0,0.0,0.0,0.0,0.0
recorded_d435,7,400.0,10530.6923828125,9387.337890625,105,93,403,300,1040,1743,0.011256699974182993,0.03906010003993288,0.0,0.0,0.0,0.0,0.0,0.0
recorded_d435,8,450.0,10530.72265625,9381.03125,105,93,372,314,955,1641,0.010524299985263497,0.04065660003107041,0.0,0.0,0.0,0.0,0.0,0.0
recorded_d435,9,500.0,10530.87890625,9379.09375,105,93,392,296,959,1647,0.01067059999331832,0.038855999999213964,0.0,0.0,0.0,0.0,0.0,0.0
recorded_d435,10,550.0,10541.646484375,9378.880859375,105,93,365,323,935,1623,0.010570300044491887,0.03897299995878711,0.0,0.0,0.0,0.0,0.0,0.0
recorded_d435,11,600.0,10535.326171875,9382.84765625,105,93,378,324,977,1679,0.010630299977492541,0.03929809998953715,0.0,0.0,0.0,0.0,0.0,0.0
recorded_d435,12,650.0,10524.0673828125,9387.708984375,105,93,395,334,1096,1825,0.010439599980600178,0.04122740001184866,0.0,0.0,0.0,0.0,0.0,0.0
recorded_d435,13,700.0,10539.8984375,9396.3720703125,105,93,391,320,937,1648,0.010454799979925156,0.039030699990689754,0.0,0.0,0.0,0.0,0.0,0.0
recorded_d435,14,750.0,10533.7421875,9430.205078125,105,93,381,318,996,1695,0.01039650000166148,0.040687199973035604,0.0,0.0,0.0,0.0,0.0,0.0
recorded_d435,15,800.0,10542.22265625,9444.0791015625,105,93,378,317,999,1694,0.01063039997825399,0.04066579998470843,0.0,0.0,0.0,0.0,0.0,0.0
recorded_d435,16,850.0,10534.181640625,9435.263671875,105,93,379,338,1031,1748,0.011914199974853545,0.03889959998195991,0.0,0.0,0.0,0.0,0.0,0.0
recorded_d435,17,900.0,10533.359375,9457.4326171875,105,93,392,324,1068,1784,0.01060239999787882,0.039224900014232844,0.0,0.0,0.0,0.0,0.0,0.0
recorded_d435,18,950.0,10546.7099609375,9473.498046875,105,93,404,317,968,1689,0.010371799988206476,0.03925769997294992,0.0,0.0,0.0,0.0,0.0,0.0
recorded_d435,19,1000.0,10578.2744140625,9479.302734375,105,93,399,302,956,1657,0.010655899997800589,0.040245699987281114,0.0,0.0,0.0,0.0,0.0,0.0
recorded_d435,20,1050.0,10585.4755859375,9473.8203125,105,93,402,315,1040,1757,0.011506000009831041,0.04096080001909286,0.0,0.0,0.0,0.0,0.0,0.0
recorded_d435,21,1100.0,10579.1357421875,9479.2109375,105,93,361,297,916,1574,0.010475999966729432,0.039265000028535724,0.0,0.0,0.0,0.0,0.0,0.0
recorded_d435,22,1150.0,10543.681640625,9473.6455078125,105,93,357,299,921,1577,0.010407300025690347,0.03954669996164739,0.0,0.0,0.0,0.0,0.0,0.0
recorded_d435,23,1200.0,10541.8125,9433.8203125,105,93,386,325,1007,1718,0.011198099993634969,0.039440399967134,0.0,0.0,0.0,0.0,0.0,0.0
recorded_d435,24,1250.0,10549.0439453125,9426.572265625,105,93,369,310,974,1653,0.010429700021632016,0.04025059996638447,0.0,0.0,0.0,0.0,0.0,0.0
recorded_d435,25,1300.0,10553.6904296875,9438.4453125,105,93,388,314,983,1685,0.010975600045640022,0.04101569997146726,0.0,0.0,0.0,0.0,0.0,0.0
recorded_d435,26,1350.0,10555.421875,9448.1689453125,105,93,361,325,968,1654,0.010554699983913451,0.04001080000307411,0.0,0.0,0.0,0.0,0.0,0.0
recorded_d435,27,1400.0,10569.291015625,9467.25390625,105,93,378,319,956,1653,0.010978400008752942,0.040672300034202635,0.0,0.0,0.0,0.0,0.0,0.0
recorded_d435,28,1450.0,10566.8896484375,9461.466796875,105,93,393,309,1040,1742,0.010573099949397147,0.04000800003996119,0.0,0.0,0.0,0.0,0.0,0.0
recorded_d435,29,1500.0,10562.0224609375,9458.703125,105,93,392,316,1019,1727,0.01052090001758188,0.03939039999386296,0.0,0.0,0.0,0.0,0.0,0.0
recorded_d435,30,1550.0,10538.7666015625,9462.8974609375,105,93,372,314,963,1649,0.010991399991326034,0.040371700015384704,0.0,0.0,0.0,0.0,0.0,0.0
recorded_d435,31,1600.0,10543.0634765625,9463.0625,105,93,371,304,931,1606,0.010475999966729432,0.04012299998430535,0.0,0.0,0.0,0.0,0.0,0.0
recorded_d435,32,1650.0,10550.486328125,9458.93359375,105,93,382,335,1002,1719,0.010465400002431124,0.04051590000744909,0.0,0.0,0.0,0.0,0.0,0.0
recorded_d435,33,1700.0,10538.490234375,9454.9892578125,105,93,383,299,974,1656,0.010492500034160912,0.04039109998848289,0.0,0.0,0.0,0.0,0.0,0.0
recorded_d435,34,1750.0,10540.22265625,9452.51171875,105,93,393,327,1041,1761,0.01045559998601675,0.03898080001818016,0.0,0.0,0.0,0.0,0.0,0.0
recorded_d435,35,1800.0,10554.6533203125,9462.169921875,105,93,390,286,934,1610,0.010438400029670447,0.039408400014508516,0.0,0.0,0.0,0.0,0.0,0.0
recorded_d435,36,1850.0,10529.751953125,9451.9091796875,105,93,365,314,953,1632,0.010598199965897948,0.040764400037005544,0.0,0.0,0.0,0.0,0.0,0.0
recorded_d435,37,1900.0,10533.9560546875,9445.369140625,105,93,381,328,1011,1720,0.01037420000648126,0.03997679997701198,0.0,0.0,0.0,0.0,0.0,0.0
recorded_d435,38,1950.0,10523.5107421875,9440.1103515625,105,93,355,330,1011,1696,0.010559599963016808,0.0392182000214234,0.0,0.0,0.0,0.0,0.0,0.0
recorded_d435,39,2000.0,10519.6728515625,9451.703125,105,93,422,321,1032,1775,0.010468499967828393,0.039229300047736615,0.0,0.0,0.0,0.0,0.0,0.0
recorded_d435,40,2050.0,10520.9462890625,9455.90234375,105,93,370,321,989,1680,0.010561999981291592,0.03989189997082576,0.0,0.0,0.0,0.0,0.0,0.0
recorded_d435,41,2100.0,10533.734375,9456.455078125,105,93,365,314,962,1641,0.010484900034498423,0.03935179999098182,0.0,0.0,0.0,0.0,0.0,0.0
recorded_d435,42,2150.0,10543.921875,9460.79296875,105,93,388,329,1030,1747,0.010740800003986806,0.03886079997755587,0.0,0.0,0.0,0.0,0.0,0.0
recorded_d435,43,2200.0,10541.001953125,9457.4873046875,105,93,368,333,1060,1761,0.01039800001308322,0.04054509999696165,0.0,0.0,0.0,0.0,0.0,0.0
recorded_d435,44,2250.0,10544.205078125,9461.064453125,105,93,352,299,933,1584,0.010574100015219301,0.038901399995666,0.0,0.0,0.0,0.0,0.0,0.0
recorded_d435,45,2300.0,10518.537109375,9454.5087890625,105,93,362,320,925,1607,0.011327999993227422,0.040168299979995936,0.0,0.0,0.0,0.0,0.0,0.0
recorded_d435,46,2350.0,10505.2783203125,9456.64453125,105,93,389,323,1023,1735,0.010395999997854233,0.03913019999163225,0.0,0.0,0.0,0.0,0.0,0.0
recorded_d435,47,2400.0,10492.958984375,9460.5703125,105,93,344,289,890,1523,0.010407400026451796,0.039085600001271814,0.0,0.0,0.0,0.0,0.0,0.0
recorded_d435,48,2450.0,10475.4921875,9456.5712890625,105,93,380,314,938,1632,0.010687100002542138,0.03911920002428815,0.0,0.0,0.0,0.0,0.0,0.0
recorded_d435,49,2500.0,10480.380859375,9457.2548828125,105,93,374,320,954,1648,0.010952300042845309,0.040141700010281056,0.0,0.0,0.0,0.0,0.0,0.0
recorded_d435,50,2550.0,10475.8974609375,9472.2236328125,105,93,373,332,980,1685,0.010641200002282858,0.03907040000194684,0.0,0.0,0.0,0.0,0.0,0.0
recorded_d435,51,2600.0,10458.49609375,9459.359375,105,93,364,323,960,1647,0.01056400005472824,0.039402499969583005,0.0,0.0,0.0,0.0,0.0,0.0
recorded_d435,52,2650.0,10460.845703125,9477.578125,105,93,357,331,998,1686,0.010937799990642816,0.039086900011170655,0.0,0.0,0.0,0.0,0.0,0.0
recorded_d435,53,2700.0,10465.8154296875,9450.685546875,105,93,364,302,954,1620,0.010493900044821203,0.039273799979127944,0.0,0.0,0.0,0.0,0.0,0.0
recorded_d435,54,2750.0,10462.2421875,9445.95703125,105,93,360,313,933,1606,0.010363999987021089,0.04055500001413748,0.0,0.0,0.0,0.0,0.0,0.0
recorded_d435,55,2800.0,10452.89453125,9443.2255859375,105,93,393,304,954,1651,0.010470199980773032,0.04014290001941845,0.0,0.0,0.0,0.0,0.0,0.0
recorded_d435,56,2850.0,10464.30859375,9444.822265625,105,93,391,313,983,1687,0.010553699976298958,0.03980150003917515,0.0,0.0,0.0,0.0,0.0,0.0
recorded_d435,57,2900.0,10463.87890625,9440.9072265625,105,93,397,300,974,1671,0.010650300013367087,0.0390940000070259,0.0,0.0,0.0,0.0,0.0,0.0
recorded_d435,58,2950.0,10468.712890625,9439.0712890625,105,93,390,330,1072,1792,0.01070459996117279,0.03876780002610758,0.0,0.0,0.0,0.0,0.0,0.0
recorded_d435,59,3000.0,10454.6328125,9434.388671875,105,93,358,299,902,1559,0.016832900000736117,0.03930870001204312,0.0,0.0,0.0,0.0,0.0,0.0
recorded_d435,60,3050.0,10460.966796875,9400.84765625,105,93,397,325,1009,1731,0.011025399959180504,0.039509400026872754,0.0,0.0,0.0,0.0,0.0,0.0
recorded_d435,61,3100.0,10457.546875,9381.59375,105,93,378,318,1039,1735,0.01086749997921288,0.04096519999438897,0.0,0.0,0.0,0.0,0.0,0.0
recorded_d435,62,3150.0,10459.5322265625,9385.3134765625,105,93,376,324,944,1644,0.010571000049822032,0.03991479997057468,0.0,0.0,0.0,0.0,0.0,0.0
recorded_d435,63,3200.0,10467.6015625,9390.4716796875,105,93,367,308,953,1628,0.010580600006505847,0.03967839997494593,0.0,0.0,0.0,0.0,0.0,0.0
recorded_d435,64,3250.0,10455.423828125,9381.671875,105,93,404,328,1077,1809,0.010502699995413423,0.039425000024493784,0.0,0.0,0.0,0.0,0.0,0.0
recorded_d435,65,3300.0,10459.8671875,9398.04296875,105,93,404,302,1016,1722,0.010492999979760498,0.04121799999848008,0.0,0.0,0.0,0.0,0.0,0.0
recorded_d435,66,3350.0,10467.837890625,9384.52734375,105,93,378,324,968,1670,0.010375400015618652,0.039184599998407066,0.0,0.0,0.0,0.0,0.0,0.0
recorded_d435,67,3400.0,10461.3720703125,9391.04296875,105,93,380,291,979,1650,0.010472699999809265,0.03924650000408292,0.0,0.0,0.0,0.0,0.0,0.0
recorded_d435,68,3450.0,10457.185546875,9381.919921875,105,93,381,316,969,1666,0.010336299950722605,0.04042820003814995,0.0,0.0,0.0,0.0,0.0,0.0
recorded_d435,69,3500.0,10464.919921875,9383.3779296875,105,93,367,324,967,1658,0.010491500026546419,0.03870579996146262,0.0,0.0,0.0,0.0,0.0,0.0
recorded_d435,70,3550.0,10462.71875,9433.73046875,105,93,361,328,981,1670,0.01048540003830567,0.04069029999664053,0.0,0.0,0.0,0.0,0.0,0.0
recorded_d435,71,3600.0,10461.8984375,9427.95703125,105,93,375,310,970,1655,0.01061570004094392,0.03931919997557998,0.0,0.0,0.0,0.0,0.0,0.0
recorded_d435,72,3650.0,10464.951171875,9432.552734375,105,93,369,314,979,1662,0.010669499984942377,0.03940140001941472,0.0,0.0,0.0,0.0,0.0,0.0
recorded_d435,73,3700.0,10475.521484375,9437.3544921875,105,93,370,326,992,1688,0.01098610000917688,0.04010519996518269,0.0,0.0,0.0,0.0,0.0,0.0
recorded_d435,74,3750.0,10465.7783203125,9445.04296875,105,93,370,326,966,1662,0.011250099982134998,0.03988509997725487,0.0,0.0,0.0,0.0,0.0,0.0
recorded_d435,75,3800.0,10463.6767578125,9433.6708984375,105,93,363,344,1020,1727,0.010500899981707335,0.04050750000169501,0.0,0.0,0.0,0.0,0.0,0.0
recorded_d435,76,3850.0,10462.9521484375,9445.10546875,105,93,386,304,993,1683,0.01087339996593073,0.03969080001115799,0.0,0.0,0.0,0.0,0.0,0.0
recorded_d435,77,3900.0,10456.6845703125,9463.111328125,105,93,376,305,998,1679,0.01123200001893565,0.03910369996447116,0.0,0.0,0.0,0.0,0.0,0.0
recorded_d435,78,3950.0,10459.90625,9462.87109375,105,93,388,314,949,1651,0.010475799965206534,0.04015310003887862,0.0,0.0,0.0,0.0,0.0,0.0
recorded_d435,79,4000.0,10459.140625,9460.673828125,105,93,379,312,960,1651,0.010555799992289394,0.03957420005463064,0.0,0.0,0.0,0.0,0.0,0.0
recorded_d435,80,4050.0,10483.33203125,9474.46484375,105,93,369,324,964,1657,0.010672200005501509,0.03968769998755306,0.0,0.0,0.0,0.0,0.0,0.0
recorded_d435,81,4100.0,10476.857421875,9454.083984375,105,93,372,299,955,1626,0.010924100002739578,0.039783400017768145,0.0,0.0,0.0,0.0,0.0,0.0
recorded_d435,82,4150.0,10471.787109375,9474.576171875,105,93,389,328,1065,1782,0.011036199983209372,0.039024600002449006,0.0,0.0,0.0,0.0,0.0,0.0
recorded_d435,83,4200.0,10494.806640625,9454.92578125,105,93,363,305,996,1664,0.010552600026130676,0.038593699980992824,0.0,0.0,0.0,0.0,0.0,0.0
recorded_d435,84,4250.0,10525.3935546875,9454.78125,105,93,392,322,929,1643,0.010480500000994653,0.03950690000783652,0.0,0.0,0.0,0.0,0.0,0.0
recorded_d435,85,4300.0,10526.5400390625,9449.78125,105,93,369,306,1006,1681,0.010447399981785566,0.04029999999329448,0.0,0.0,0.0,0.0,0.0,0.0
recorded_d435,86,4350.0,10534.9287109375,9457.109375,105,93,378,321,936,1635,0.011072299967054278,0.03966820001369342,0.0,0.0,0.0,0.0,0.0,0.0
recorded_d435,87,4400.0,10534.21875,9451.357421875,105,93,373,315,998,1686,0.010614499973598868,0.04004059999715537,0.0,0.0,0.0,0.0,0.0,0.0
recorded_d435,88,4450.0,10536.044921875,9460.48828125,105,93,389,328,1012,1729,0.010474400012753904,0.039251199981663376,0.0,0.0,0.0,0.0,0.0,0.0
recorded_d435,89,4500.0,10528.1884765625,9444.3955078125,105,93,374,327,1041,1742,0.010499299969524145,0.04050900001311675,0.0,0.0,0.0,0.0,0.0,0.0
recorded_d435,90,4550.0,10519.060546875,9445.71484375,105,93,391,311,964,1666,0.01041419996181503,0.03915419999975711,0.0,0.0,0.0,0.0,0.0,0.0
recorded_d435,91,4600.0,10530.16796875,9456.1826171875,105,93,358,311,959,1628,0.011176100000739098,0.04050689999712631,0.0,0.0,0.0,0.0,0.0,0.0
recorded_d435,92,4650.0,10519.384765625,9441.3173828125,105,93,384,302,952,1638,0.010490600019693375,0.039432199962902814,0.0,0.0,0.0,0.0,0.0,0.0
recorded_d435,93,4700.0,10535.33203125,9438.615234375,105,93,417,317,1027,1761,0.011300399957690388,0.039002400008030236,0.0,0.0,0.0,0.0,0.0,0.0
recorded_d435,94,4750.0,10535.265625,9443.87890625,105,93,371,323,1023,1717,0.010509499988984317,0.0396273999940604,0.0,0.0,0.0,0.0,0.0,0.0
recorded_d435,95,4800.0,10552.26171875,9459.4814453125,105,93,379,319,957,1655,0.01057119999313727,0.0383614000165835,0.0,0.0,0.0,0.0,0.0,0.0
recorded_d435,96,4850.0,10547.03125,9454.966796875,105,93,380,337,1027,1744,0.01061280001886189,0.0385598000138998,0.0,0.0,0.0,0.0,0.0,0.0
recorded_d435,97,4900.0,10544.375,9459.98828125,105,93,384,316,1001,1701,0.010320400004275143,0.03876119997585192,0.0,0.0,0.0,0.0,0.0,0.0
recorded_d435,98,4950.0,10537.3779296875,9461.423828125,105,93,380,318,1028,1726,0.010561499977484345,0.03944349999073893,0.0,0.0,0.0,0.0,0.0,0.0
recorded_d435,99,5000.0,10552.48828125,9465.5751953125,105,93,366,313,1000,1679,0.010368700022809207,0.038611399999354035,0.0,0.0,0.0,0.0,0.0,0.0
recorded_d435,100,5050.0,10535.791015625,9461.44140625,105,93,367,297,930,1594,0.010939700005110353,0.03974720003316179,0.0,0.0,0.0,0.0,0.0,0.0
recorded_d435,101,5100.0,10572.79296875,9465.224609375,105,93,387,310,994,1691,0.011215600010473281,0.040220099966973066,0.0,0.0,0.0,0.0,0.0,0.0
recorded_d435,102,5150.0,10556.0537109375,9456.94921875,105,93,356,328,903,1587,0.011495500046294183,0.03918569994857535,0.0,0.0,0.0,0.0,0.0,0.0
recorded_d435,103,5200.0,10580.083984375,9458.275390625,105,93,401,322,1043,1766,0.010354400030337274,0.039673799998126924,0.0,0.0,0.0,0.0,0.0,0.0
recorded_d435,104,5250.0,10547.0166015625,9461.505859375,105,93,356,324,984,1664,0.010692499985452741,0.03959699999541044,0.0,0.0,0.0,0.0,0.0,0.0
recorded_d435,105,5300.0,10553.541015625,9440.693359375,105,93,374,304,965,1643,0.010221400007139891,0.03824349999194965,0.0,0.0,0.0,0.0,0.0,0.0
recorded_d435,106,5350.0,10553.396484375,9418.568359375,105,93,387,298,917,1602,0.01010309997946024,0.03802269999869168,0.0,0.0,0.0,0.0,0.0,0.0
recorded_d435,107,5400.0,10551.27734375,9431.205078125,105,93,383,321,1028,1732,0.010238599963486195,0.03879840002628043,0.0,0.0,0.0,0.0,0.0,0.0
recorded_d435,108,5450.0,10544.4755859375,9470.734375,105,93,382,313,1032,1727,0.010484500031452626,0.038839599990751594,0.0,0.0,0.0,0.0,0.0,0.0
recorded_d435,109,5500.0,10563.794921875,9462.8466796875,105,93,382,320,1019,1721,0.010180700046475977,0.038270499964710325,0.0,0.0,0.0,0.0,0.0,0.0
recorded_d435,110,5550.0,10591.5751953125,9468.6064453125,105,93,363,305,971,1639,0.010119800048414618,0.03837509994627908,0.0,0.0,0.0,0.0,0.0,0.0
recorded_d435,111,5600.0,10565.419921875,9472.1943359375,105,93,405,305,1010,1720,0.01021570002194494,0.0380565999657847,0.0,0.0,0.0,0.0,0.0,0.0
recorded_d435,112,5650.0,10534.0703125,9478.54296875,105,93,383,299,1036,1718,0.01024229999165982,0.038599600025918335,0.0,0.0,0.0,0.0,0.0,0.0
recorded_d435,113,5700.0,10541.9208984375,9446.5068359375,105,93,383,321,971,1675,0.010244200006127357,0.03860169998370111,0.0,0.0,0.0,0.0,0.0,0.0
recorded_d435,114,5750.0,10534.4140625,9443.5205078125,105,93,381,297,897,1575,0.010745699983090162,0.039879500051029027,0.0,0.0,0.0,0.0,0.0,0.0
recorded_d435,115,5800.0,10535.58203125,9437.84765625,105,93,376,330,1028,1734,0.011970299994572997,0.04026570002315566,0.0,0.0,0.0,0.0,0.0,0.0
recorded_d435,116,5850.0,10546.5859375,9429.892578125,105,93,404,337,1066,1807,0.010367700015194714,0.038137399998959154,0.0,0.0,0.0,0.0,0.0,0.0
recorded_d435,117,5900.0,10542.0185546875,9385.1083984375,105,93,403,322,1040,1765,0.011007299995981157,0.040419000026304275,0.0,0.0,0.0,0.0,0.0,0.0
recorded_d435,118,5950.0,10529.263671875,9390.482421875,105,93,351,299,964,1614,0.010328000003937632,0.03938720002770424,0.0,0.0,0.0,0.0,0.0,0.0
recorded_d435,119,6000.0,10545.4970703125,9383.23046875,105,93,395,338,1012,1745,0.0103192999958992,0.044011900026816875,0.0,0.0,0.0,0.0,0.0,0.0
recorded_d435,120,6050.0,10533.4716796875,9382.216796875,105,93,372,309,948,1629,0.010745599982328713,0.03964319999795407,0.0,0.0,0.0,0.0,0.0,0.0
recorded_d435,121,6100.0,10536.130859375,9387.65234375,105,93,366,296,915,1577,0.010728000022936612,0.04030429996782914,0.0,0.0,0.0,0.0,0.0,0.0
recorded_d435,122,6150.0,10531.638671875,9392.990234375,105,93,388,307,873,1568,0.010801299999002367,0.03873249999014661,0.0,0.0,0.0,0.0,0.0,0.0
recorded_d435,123,6200.0,10540.4482421875,9379.9267578125,105,93,367,283,902,1552,0.010475900024175644,0.03891289996681735,0.0,0.0,0.0,0.0,0.0,0.0
recorded_d435,124,6250.0,10535.25390625,9393.9306640625,105,93,383,312,1022,1717,0.010455199982970953,0.03901060001226142,0.0,0.0,0.0,0.0,0.0,0.0
recorded_d435,125,6300.0,10529.2021484375,9380.13671875,105,93,367,325,982,1674,0.010451700014527887,0.0390252000070177,0.0,0.0,0.0,0.0,0.0,0.0
recorded_d435,126,6350.0,10547.6376953125,9383.412109375,105,93,392,287,949,1628,0.011180900037288666,0.03880659997230396,0.0,0.0,0.0,0.0,0.0,0.0
recorded_d435,127,6400.0,10553.5322265625,9387.7734375,105,93,347,314,927,1588,0.010906799987424165,0.0385723999934271,0.0,0.0,0.0,0.0,0.0,0.0
recorded_d435,128,6450.0,10523.59375,9381.283203125,105,93,355,323,970,1648,0.010517699993215501,0.039006799983326346,0.0,0.0,0.0,0.0,0.0,0.0
recorded_d435,129,6500.0,10509.71875,9380.673828125,105,93,379,312,1066,1757,0.011220399988815188,0.03896169998915866,0.0,0.0,0.0,0.0,0.0,0.0
