series_id,fly_id,search_series_id,metadata_series_id,metadata_fly_id,metadata_join,metadata_matches,direct_name_genotype_conflict,metadata_sex
170609_fly4_LDM_023,134,170609_fly4_LDM_021,170609_fly4_LDM_023,134.0,exact_consistent,1,False,F
170611_fly3_LDM_013,137,170611_fly3_LDM_012,170611_fly3_LDM_013,137.0,exact_consistent,1,False,F
170611_fly4_LDM_023,138,170611_fly4_LDM_021,170611_fly4_LDM_023,138.0,exact_consistent,1,False,F
170611_fly4_LDM_028,138,170611_fly4_LDM_027,170611_fly4_LDM_028,138.0,exact_consistent,1,False,F
170611_fly5_LDM_032,139,170611_fly5_LDM_030,170611_fly5_LDM_032,139.0,exact_consistent,1,False,F
170611_fly5_LDM_035,139,170611_fly5_LDM_033,170611_fly5_LDM_035,139.0,exact_consistent,1,False,F
170611_fly5_LDM_037,139,170611_fly5_LDM_036,170611_fly5_LDM_037,139.0,exact_consistent,1,False,F
170611_fly7_LDM_049,141,170611_fly7_LDM_048,170611_fly7_LDM_049,141.0,exact_consistent,1,False,F
170625_fly1_LDM_002,150,170625_fly1_LDM,170625_fly1_LDM_002,150.0,exact_consistent,1,False,F
170625_fly1_LDM_004,150,170625_fly1_LDM_003,170625_fly1_LDM_004,150.0,exact_consistent,1,False,F
170625_fly1_LDM_008,150,170625_fly1_LDM_006,170625_fly1_LDM_008,150.0,exact_consistent,1,False,F
170625_fly2_LDM_010,151,170625_fly2_LDM_009,170625_fly2_LDM_010,151.0,exact_consistent,1,False,F
170625_fly2_LDM_014,151,170625_fly2_LDM_012,170625_fly2_LDM_014,151.0,exact_consistent,1,False,F
170625_fly2_LDM_016,151,170625_fly2_LDM_015,170625_fly2_LDM_016,151.0,exact_consistent,1,False,F
170519_fly1_LDM_003,79,170519_fly1_LDM,170519_fly1_LDM_003,379.0,exact_consistent,1,False,F
170519_fly1_LDM_007,79,170519_fly1_LDM_004,170519_fly1_LDM_007,379.0,exact_consistent,1,False,F
170524_fly1_LDM_003,86,170524_fly1_LDM,170524_fly1_LDM_003,386.0,exact_consistent,1,False,F
170524_fly1_LDM_007,86,170524_fly1_LDM_004,170524_fly1_LDM_007,386.0,exact_consistent,1,False,F
170524_fly1_LDM_011,86,170524_fly1_LDM_008,170524_fly1_LDM_011,386.0,exact_consistent,1,False,F
170524_fly2_LDM_015,87,170524_fly2_LDM_012,170524_fly2_LDM_015,387.0,exact_consistent,1,False,F
170524_fly2_LDM_019,87,170524_fly2_LDM_016,170524_fly2_LDM_019,387.0,exact_consistent,1,False,F
170606_fly4_LDM_013,103,170606_fly4_LDM_012,170606_fly4_LDM_013,403.0,exact_consistent,1,False,F
170606_fly4_LDM_015,103,170606_fly4_LDM_014,170606_fly4_LDM_015,403.0,exact_consistent,1,False,F
170606_fly4_LDM_017,103,170606_fly4_LDM_016,170606_fly4_LDM_017,403.0,exact_consistent,1,False,F
170607_fly1_LDM_001,104,170607_fly1_LDM,170607_fly4_LDM_001,404.0,unique_date_sequence_depth_genotype_match,1,True,F
170607_fly1_LDM_003,104,170607_fly1_LDM_002,170607_fly4_LDM_003,404.0,unique_date_sequence_depth_genotype_match,1,True,F
170607_fly1_LDM_005,104,170607_fly1_LDM_004,170607_fly4_LDM_005,404.0,unique_date_sequence_depth_genotype_match,1,True,F
170607_fly1_LDM_007,104,170607_fly1_LDM_006,170607_fly4_LDM_007,404.0,unique_date_sequence_depth_genotype_match,1,False,F
170607_fly2_LDM_009,105,170607_fly2_LDM_008,170607_fly5_LDM_009,405.0,unique_date_sequence_depth_genotype_match,1,True,F
170607_fly2_LDM_011,105,170607_fly2_LDM_010,170607_fly5_LDM_011,405.0,unique_date_sequence_depth_genotype_match,1,True,F
170622_fly2_LDM_007,122,170622_fly2_LDM_006,unknown,,unresolved,0,False,unknown
170622_fly2_LDM_009,122,170622_fly2_LDM_008,unknown,,unresolved,0,False,unknown
